{"cameraMode":{"drawMode":0,"name":"Shaded","section":"Shading Mode"},"sceneLighting":false,"audioPlay":false,"sceneViewState":{"showFog":true,"showMaterialUpdate":true,"showSkybox":true,"showFlares":true,"showImageEffects":true,"showParticleSystems":true},"in2DMode":false,"pivot":{"x":2.519235610961914,"y":1.2159614562988282,"z":-3.2699737548828127},"rotation":{"x":0.3126300871372223,"y":0.4662105143070221,"z":-0.18046122789382935,"w":0.8076969385147095},"size":39.58622741699219,"orthographic":false}