{"cameraMode":{"drawMode":0,"name":"Shaded","section":"Shading Mode"},"sceneLighting":false,"audioPlay":false,"sceneViewState":{"showFog":true,"showMaterialUpdate":true,"showSkybox":true,"showFlares":true,"showImageEffects":true,"showParticleSystems":true},"in2DMode":false,"pivot":{"x":0.253221333026886,"y":5.479999542236328,"z":34.529998779296878},"rotation":{"x":0.1888432502746582,"y":0.7716688513755798,"z":-0.2671748101711273,"w":0.545446515083313},"size":6.044005393981934,"orthographic":false}