{"cameraMode":{"drawMode":0,"name":"Shaded","section":"Shading Mode"},"sceneLighting":false,"audioPlay":false,"sceneViewState":{"showFog":true,"showMaterialUpdate":true,"showSkybox":false,"showFlares":true,"showImageEffects":true,"showParticleSystems":true},"in2DMode":false,"pivot":{"x":0.9594309329986572,"y":3.047258138656616,"z":0.18176841735839845},"rotation":{"x":0.008172395639121533,"y":0.9908230900764465,"z":-0.11526188999414444,"w":0.07026840001344681},"size":2.6765754222869875,"orthographic":false}