{"cameraMode":{"drawMode":0,"name":"Shaded","section":"Shading Mode"},"sceneLighting":false,"audioPlay":false,"sceneViewState":{"showFog":true,"showMaterialUpdate":true,"showSkybox":true,"showFlares":true,"showImageEffects":true,"showParticleSystems":true},"in2DMode":false,"pivot":{"x":12.170103073120118,"y":-22.184650421142579,"z":6.56971549987793},"rotation":{"x":0.16292205452919007,"y":0.8355295658111572,"z":-0.3977687358856201,"w":0.342288076877594},"size":29.222049713134767,"orthographic":false}